,particle,x,y,actual_size,usable,size,video
0,6,907.9867544,955.0465855,14.5,1,12.62510039,67deg
